insert into member (member_id, email, password, nickname, age, gender, address, member_status, created_at) values (1, 'apargetter0@de.vu', 'pqVrSi8Q', 'Addia', 25, 'man', '64 Mifflin Street', 'MEMBER_JOIN', '2022-08-03 03:03:11');
insert into member (member_id, email, password, nickname, age, gender, address, member_status, created_at) values (2, 'jmorphey1@apache.org', 'uOSP2YzcV3F', 'Janeva', 22, 'man', '020 Fair Oaks Crossing', 'MEMBER_JOIN', '2022-12-17 23:53:45');

insert into article (id, member_member_id, title, content, hashtag, created_at, created_by, modified_at, modified_by) values (1, 2, 'Sed sagittis.', 'Morbi non lectus. Aliquam sit amet diam in magna bibendum imperdiet. Nullam orci pede, venenatis non, sodales sed, tincidunt eu, felis.', 'DVO', '2022-11-25 11:06:10', 'Belly', '2022-11-19 13:28:11', 'Scohier');
insert into article (id, member_member_id, title, content, hashtag, created_at, created_by, modified_at, modified_by) values (2, 2, 'Aenean fermentum. Donec ut mauris eget massa tempor convallis. Nulla neque libero, convallis eget, eleifend luctus, ultricies eu, nibh.', 'Nullam sit amet turpis elementum ligula vehicula consequat. Morbi a ipsum. Integer a nibh.', 'CCH', '2022-05-21 18:42:20', 'Losty', '2023-02-14 05:16:25', 'Kemme');
insert into article (id, member_member_id, title, content, hashtag, created_at, created_by, modified_at, modified_by) values (3, 2, 'Cras mi pede, malesuada in, imperdiet et, commodo vulputate, justo.', 'Curabitur in libero ut massa volutpat convallis. Morbi odio odio, elementum eu, interdum eu, tincidunt in, leo. Maecenas pulvinar lobortis est.', 'CFK', '2023-02-25 19:27:14', 'Killeley', '2022-07-28 22:22:21', 'Stiller');
insert into article (id, member_member_id, title, content, hashtag, created_at, created_by, modified_at, modified_by) values (4, 2, 'Duis ac nibh. Fusce lacus purus, aliquet at, feugiat non, pretium quis, lectus.', 'Curabitur at ipsum ac tellus semper interdum. Mauris ullamcorper purus sit amet nulla. Quisque arcu libero, rutrum ac, lobortis vel, dapibus at, diam.', 'KSS', '2022-07-31 19:28:54', 'Ohanessian', '2022-06-27 15:32:45', 'Malia');
insert into article (id, member_member_id, title, content, hashtag, created_at, created_by, modified_at, modified_by) values (5, 1, 'Aliquam augue quam, sollicitudin vitae, consectetuer eget, rutrum at, lorem. Integer tincidunt ante vel ipsum.', 'Nam ultrices, libero non mattis pulvinar, nulla pede ullamcorper augue, a suscipit nulla elit ac nulla. Sed vel enim sit amet nunc viverra dapibus. Nulla suscipit ligula in lacus.', 'VYI', '2022-08-26 00:08:43', 'Faas', '2022-05-22 13:41:35', 'Kleimt');
insert into article (id, member_member_id, title, content, hashtag, created_at, created_by, modified_at, modified_by) values (6, 1, 'Donec posuere metus vitae ipsum. Aliquam non mauris.', 'Phasellus in felis. Donec semper sapien a libero. Nam dui.', 'GCN', '2022-05-26 08:59:27', 'Hew', '2023-04-05 18:11:51', 'Simeone');
insert into article (id, member_member_id, title, content, hashtag, created_at, created_by, modified_at, modified_by) values (7, 1, 'Sed sagittis. Nam congue, risus semper porta volutpat, quam pede lobortis ligula, sit amet eleifend pede libero quis orci.', 'Cum sociis natoque penatibus et magnis dis parturient montes, nascetur ridiculus mus. Vivamus vestibulum sagittis sapien. Cum sociis natoque penatibus et magnis dis parturient montes, nascetur ridiculus mus.', 'SEM', '2023-04-12 23:25:37', 'Grafton', '2022-07-29 14:41:23', 'Beardshall');
insert into article (id, member_member_id, title, content, hashtag, created_at, created_by, modified_at, modified_by) values (8, 2, 'Duis bibendum, felis sed interdum venenatis, turpis enim blandit mi, in porttitor pede justo eu massa.', 'Proin eu mi. Nulla ac enim. In tempor, turpis nec euismod scelerisque, quam turpis adipiscing lorem, vitae mattis nibh ligula nec sem.', 'YBO', '2023-04-23 03:26:00', 'Fortnum', '2022-10-20 04:50:32', 'Priel');
insert into article (id, member_member_id, title, content, hashtag, created_at, created_by, modified_at, modified_by) values (9, 2, 'Duis mattis egestas metus. Aenean fermentum. Donec ut mauris eget massa tempor convallis.', 'Fusce posuere felis sed lacus. Morbi sem mauris, laoreet ut, rhoncus aliquet, pulvinar sed, nisl. Nunc rhoncus dui vel sem.', 'LPO', '2022-08-16 04:54:39', 'Jennaway', '2023-04-12 18:32:51', 'Soars');
insert into article (id, member_member_id, title, content, hashtag, created_at, created_by, modified_at, modified_by) values (10, 1, 'Duis bibendum, felis sed interdum venenatis, turpis enim blandit mi, in porttitor pede justo eu massa.', 'Nullam porttitor lacus at turpis. Donec posuere metus vitae ipsum. Aliquam non mauris.', 'MGI', '2022-06-06 21:11:22', 'Pavlik', '2023-01-04 09:21:54', 'Meekins');
insert into article (id, member_member_id, title, content, hashtag, created_at, created_by, modified_at, modified_by) values (11, 1, 'Morbi sem mauris, laoreet ut, rhoncus aliquet, pulvinar sed, nisl.', 'Morbi non lectus. Aliquam sit amet diam in magna bibendum imperdiet. Nullam orci pede, venenatis non, sodales sed, tincidunt eu, felis.', 'YFI', '2022-10-03 11:52:59', 'Facchini', '2023-01-30 05:54:16', 'Eassom');
insert into article (id, member_member_id, title, content, hashtag, created_at, created_by, modified_at, modified_by) values (12, 2, 'Aliquam quis turpis eget elit sodales scelerisque. Mauris sit amet eros.', 'In sagittis dui vel nisl. Duis ac nibh. Fusce lacus purus, aliquet at, feugiat non, pretium quis, lectus.', 'SXR', '2022-11-26 01:40:12', 'Lummus', '2022-06-09 04:55:11', 'Gradley');
insert into article (id, member_member_id, title, content, hashtag, created_at, created_by, modified_at, modified_by) values (13, 1, 'Vestibulum rutrum rutrum neque.', 'Morbi porttitor lorem id ligula. Suspendisse ornare consequat lectus. In est risus, auctor sed, tristique in, tempus sit amet, sem.', 'HPN', '2022-10-18 05:26:49', 'Whisby', '2023-01-16 02:25:13', 'Bartusek');
insert into article (id, member_member_id, title, content, hashtag, created_at, created_by, modified_at, modified_by) values (14, 2, 'Nulla ac enim. In tempor, turpis nec euismod scelerisque, quam turpis adipiscing lorem, vitae mattis nibh ligula nec sem. Duis aliquam convallis nunc.', 'In sagittis dui vel nisl. Duis ac nibh. Fusce lacus purus, aliquet at, feugiat non, pretium quis, lectus.', 'SSR', '2023-04-18 10:45:46', 'Myhan', '2022-12-18 15:31:14', 'Chaffyn');
insert into article (id, member_member_id, title, content, hashtag, created_at, created_by, modified_at, modified_by) values (15, 1, 'Vestibulum quam sapien, varius ut, blandit non, interdum in, ante. Vestibulum ante ipsum primis in faucibus orci luctus et ultrices posuere cubilia Curae; Duis faucibus accumsan odio.', 'Aenean fermentum. Donec ut mauris eget massa tempor convallis. Nulla neque libero, convallis eget, eleifend luctus, ultricies eu, nibh.', 'WOT', '2023-03-23 09:50:28', 'Sobczak', '2023-04-30 04:56:50', 'Batchelour');
insert into article (id, member_member_id, title, content, hashtag, created_at, created_by, modified_at, modified_by) values (16, 1, 'Morbi porttitor lorem id ligula. Suspendisse ornare consequat lectus. In est risus, auctor sed, tristique in, tempus sit amet, sem.', 'Mauris enim leo, rhoncus sed, vestibulum sit amet, cursus id, turpis. Integer aliquet, massa id lobortis convallis, tortor risus dapibus augue, vel accumsan tellus nisi eu orci. Mauris lacinia sapien quis libero.', 'MBW', '2023-05-02 07:13:45', 'Brownsall', '2023-03-02 18:29:00', 'Boagey');
insert into article (id, member_member_id, title, content, hashtag, created_at, created_by, modified_at, modified_by) values (17, 2, 'Sed ante.', 'Curabitur at ipsum ac tellus semper interdum. Mauris ullamcorper purus sit amet nulla. Quisque arcu libero, rutrum ac, lobortis vel, dapibus at, diam.', 'IEJ', '2022-11-04 22:35:49', 'Duckham', '2023-03-07 02:02:59', 'Drayton');
insert into article (id, member_member_id, title, content, hashtag, created_at, created_by, modified_at, modified_by) values (18, 2, 'Morbi sem mauris, laoreet ut, rhoncus aliquet, pulvinar sed, nisl.', 'Curabitur at ipsum ac tellus semper interdum. Mauris ullamcorper purus sit amet nulla. Quisque arcu libero, rutrum ac, lobortis vel, dapibus at, diam.', 'HOV', '2023-02-03 02:25:37', 'Tappin', '2022-05-13 18:07:33', 'McHarry');
insert into article (id, member_member_id, title, content, hashtag, created_at, created_by, modified_at, modified_by) values (19, 2, 'Cras in purus eu magna vulputate luctus. Cum sociis natoque penatibus et magnis dis parturient montes, nascetur ridiculus mus.', 'Phasellus in felis. Donec semper sapien a libero. Nam dui.', 'VVN', '2022-06-11 09:19:13', 'Trace', '2022-10-28 21:08:34', 'Bignall');
insert into article (id, member_member_id, title, content, hashtag, created_at, created_by, modified_at, modified_by) values (20, 2, 'Donec dapibus.', 'Duis aliquam convallis nunc. Proin at turpis a pede posuere nonummy. Integer non velit.', 'NHS', '2022-08-07 03:04:32', 'Bonsul', '2022-09-21 04:33:51', 'Ledger');
insert into article (id, member_member_id, title, content, hashtag, created_at, created_by, modified_at, modified_by) values (21, 1, 'Proin eu mi. Nulla ac enim.', 'Praesent id massa id nisl venenatis lacinia. Aenean sit amet justo. Morbi ut odio.', 'NLS', '2022-07-23 23:47:05', 'Caller', '2023-03-21 13:32:47', 'Prozillo');
insert into article (id, member_member_id, title, content, hashtag, created_at, created_by, modified_at, modified_by) values (22, 2, 'Vivamus metus arcu, adipiscing molestie, hendrerit at, vulputate vitae, nisl. Aenean lectus. Pellentesque eget nunc.', 'Praesent blandit. Nam nulla. Integer pede justo, lacinia eget, tincidunt eget, tempus vel, pede.', 'KKL', '2023-01-08 22:42:26', 'Willishire', '2022-07-31 17:09:30', 'Gargett');
insert into article (id, member_member_id, title, content, hashtag, created_at, created_by, modified_at, modified_by) values (23, 2, 'Suspendisse potenti. In eleifend quam a odio. In hac habitasse platea dictumst.', 'Nam ultrices, libero non mattis pulvinar, nulla pede ullamcorper augue, a suscipit nulla elit ac nulla. Sed vel enim sit amet nunc viverra dapibus. Nulla suscipit ligula in lacus.', 'TFT', '2022-11-15 00:52:41', 'Jonke', '2023-03-13 03:21:13', 'Jesteco');
insert into article (id, member_member_id, title, content, hashtag, created_at, created_by, modified_at, modified_by) values (24, 1, 'Phasellus sit amet erat. Nulla tempus.', 'Vestibulum ac est lacinia nisi venenatis tristique. Fusce congue, diam id ornare imperdiet, sapien urna pretium nisl, ut volutpat sapien arcu sed augue. Aliquam erat volutpat.', 'GSH', '2023-02-02 21:33:30', 'Morant', '2022-08-15 15:15:23', 'Geddis');
insert into article (id, member_member_id, title, content, hashtag, created_at, created_by, modified_at, modified_by) values (25, 1, 'Etiam pretium iaculis justo. In hac habitasse platea dictumst.', 'Sed ante. Vivamus tortor. Duis mattis egestas metus.', 'HOO', '2023-01-11 00:53:27', 'Callcott', '2023-02-21 03:42:52', 'Baton');
insert into article (id, member_member_id, title, content, hashtag, created_at, created_by, modified_at, modified_by) values (26, 1, 'Ut at dolor quis odio consequat varius.', 'Aliquam quis turpis eget elit sodales scelerisque. Mauris sit amet eros. Suspendisse accumsan tortor quis turpis.', 'FSN', '2022-10-15 01:22:38', 'Turban', '2022-08-29 11:27:03', 'Filtness');
insert into article (id, member_member_id, title, content, hashtag, created_at, created_by, modified_at, modified_by) values (27, 1, 'Duis bibendum.', 'Quisque id justo sit amet sapien dignissim vestibulum. Vestibulum ante ipsum primis in faucibus orci luctus et ultrices posuere cubilia Curae; Nulla dapibus dolor vel est. Donec odio justo, sollicitudin ut, suscipit a, feugiat et, eros.', 'MZY', '2022-09-09 06:17:58', 'Ohms', '2023-01-28 21:16:33', 'Eydel');
insert into article (id, member_member_id, title, content, hashtag, created_at, created_by, modified_at, modified_by) values (28, 2, 'Morbi odio odio, elementum eu, interdum eu, tincidunt in, leo.', 'Praesent id massa id nisl venenatis lacinia. Aenean sit amet justo. Morbi ut odio.', 'MPX', '2022-08-31 21:23:20', 'Rubertelli', '2023-01-02 18:03:16', 'Curran');
insert into article (id, member_member_id, title, content, hashtag, created_at, created_by, modified_at, modified_by) values (29, 1, 'Maecenas leo odio, condimentum id, luctus nec, molestie sed, justo. Pellentesque viverra pede ac diam.', 'Phasellus sit amet erat. Nulla tempus. Vivamus in felis eu sapien cursus vestibulum.', 'SYN', '2022-10-06 00:16:40', 'Argo', '2023-01-07 04:24:41', 'Berlin');
insert into article (id, member_member_id, title, content, hashtag, created_at, created_by, modified_at, modified_by) values (30, 1, 'Maecenas tincidunt lacus at velit.', 'Praesent id massa id nisl venenatis lacinia. Aenean sit amet justo. Morbi ut odio.', 'SHX', '2022-12-15 02:21:09', 'Reddoch', '2022-10-10 19:51:10', 'Cuddy');
insert into article (id, member_member_id, title, content, hashtag, created_at, created_by, modified_at, modified_by) values (31, 2, 'Curabitur in libero ut massa volutpat convallis. Morbi odio odio, elementum eu, interdum eu, tincidunt in, leo.', 'Suspendisse potenti. In eleifend quam a odio. In hac habitasse platea dictumst.', 'HWO', '2022-10-06 10:30:00', 'Widdall', '2022-06-23 11:42:52', 'Bartoszewski');
insert into article (id, member_member_id, title, content, hashtag, created_at, created_by, modified_at, modified_by) values (32, 2, 'Integer pede justo, lacinia eget, tincidunt eget, tempus vel, pede. Morbi porttitor lorem id ligula.', 'Aliquam quis turpis eget elit sodales scelerisque. Mauris sit amet eros. Suspendisse accumsan tortor quis turpis.', 'PLR', '2022-05-07 14:12:57', 'Isaksson', '2022-06-10 10:27:36', 'Benyan');
insert into article (id, member_member_id, title, content, hashtag, created_at, created_by, modified_at, modified_by) values (33, 2, 'Cras pellentesque volutpat dui. Maecenas tristique, est et tempus semper, est quam pharetra magna, ac consequat metus sapien ut nunc. Vestibulum ante ipsum primis in faucibus orci luctus et ultrices posuere cubilia Curae; Mauris viverra diam vitae quam.', 'Suspendisse potenti. In eleifend quam a odio. In hac habitasse platea dictumst.', 'THL', '2022-06-25 06:26:35', 'Josuweit', '2022-11-25 04:00:01', 'Scotsbrook');
insert into article (id, member_member_id, title, content, hashtag, created_at, created_by, modified_at, modified_by) values (34, 2, 'Nulla facilisi. Cras non velit nec nisi vulputate nonummy. Maecenas tincidunt lacus at velit.', 'Nulla ut erat id mauris vulputate elementum. Nullam varius. Nulla facilisi.', 'PIL', '2022-05-26 13:08:45', 'Snowdon', '2023-04-07 19:04:31', 'Burth');
insert into article (id, member_member_id, title, content, hashtag, created_at, created_by, modified_at, modified_by) values (35, 2, 'Nulla neque libero, convallis eget, eleifend luctus, ultricies eu, nibh. Quisque id justo sit amet sapien dignissim vestibulum.', 'Donec diam neque, vestibulum eget, vulputate ut, ultrices vel, augue. Vestibulum ante ipsum primis in faucibus orci luctus et ultrices posuere cubilia Curae; Donec pharetra, magna vestibulum aliquet ultrices, erat tortor sollicitudin mi, sit amet lobortis sapien sapien non mi. Integer ac neque.', 'SHO', '2022-12-09 04:21:46', 'Hanscom', '2023-03-11 21:04:42', 'Easman');
insert into article (id, member_member_id, title, content, hashtag, created_at, created_by, modified_at, modified_by) values (36, 1, 'Cum sociis natoque penatibus et magnis dis parturient montes, nascetur ridiculus mus. Vivamus vestibulum sagittis sapien.', 'Sed sagittis. Nam congue, risus semper porta volutpat, quam pede lobortis ligula, sit amet eleifend pede libero quis orci. Nullam molestie nibh in lectus.', 'YQY', '2022-12-26 16:05:59', 'Shoebottom', '2023-04-27 02:56:23', 'Lipsett');
insert into article (id, member_member_id, title, content, hashtag, created_at, created_by, modified_at, modified_by) values (37, 1, 'Maecenas leo odio, condimentum id, luctus nec, molestie sed, justo.', 'Morbi porttitor lorem id ligula. Suspendisse ornare consequat lectus. In est risus, auctor sed, tristique in, tempus sit amet, sem.', 'ORX', '2022-06-12 12:50:34', 'Reschke', '2022-08-01 22:00:39', 'Scaife');
insert into article (id, member_member_id, title, content, hashtag, created_at, created_by, modified_at, modified_by) values (38, 1, 'Nullam porttitor lacus at turpis. Donec posuere metus vitae ipsum. Aliquam non mauris.', 'Duis bibendum, felis sed interdum venenatis, turpis enim blandit mi, in porttitor pede justo eu massa. Donec dapibus. Duis at velit eu est congue elementum.', 'MMD', '2023-05-01 13:00:46', 'Ellicombe', '2023-03-31 21:37:29', 'Fedorski');
insert into article (id, member_member_id, title, content, hashtag, created_at, created_by, modified_at, modified_by) values (39, 2, 'Mauris ullamcorper purus sit amet nulla. Quisque arcu libero, rutrum ac, lobortis vel, dapibus at, diam.', 'Integer tincidunt ante vel ipsum. Praesent blandit lacinia erat. Vestibulum sed magna at nunc commodo placerat.', 'YAQ', '2023-02-27 13:26:39', 'Velten', '2023-02-12 02:04:05', 'Shillabeer');
insert into article (id, member_member_id, title, content, hashtag, created_at, created_by, modified_at, modified_by) values (40, 1, 'Aenean auctor gravida sem. Praesent id massa id nisl venenatis lacinia.', 'Quisque id justo sit amet sapien dignissim vestibulum. Vestibulum ante ipsum primis in faucibus orci luctus et ultrices posuere cubilia Curae; Nulla dapibus dolor vel est. Donec odio justo, sollicitudin ut, suscipit a, feugiat et, eros.', 'FPO', '2022-07-15 09:36:46', 'Genny', '2022-06-22 18:33:31', 'Okenden');
insert into article (id, member_member_id, title, content, hashtag, created_at, created_by, modified_at, modified_by) values (41, 2, 'Morbi vestibulum, velit id pretium iaculis, diam erat fermentum justo, nec condimentum neque sapien placerat ante.', 'Vestibulum quam sapien, varius ut, blandit non, interdum in, ante. Vestibulum ante ipsum primis in faucibus orci luctus et ultrices posuere cubilia Curae; Duis faucibus accumsan odio. Curabitur convallis.', 'MCE', '2022-06-30 14:25:56', 'Quinn', '2022-10-31 15:49:41', 'Zannutti');
insert into article (id, member_member_id, title, content, hashtag, created_at, created_by, modified_at, modified_by) values (42, 2, 'Proin at turpis a pede posuere nonummy.', 'Aenean lectus. Pellentesque eget nunc. Donec quis orci eget orci vehicula condimentum.', 'GUI', '2022-08-07 17:38:14', 'Tapp', '2023-03-15 20:14:30', 'Cruwys');
insert into article (id, member_member_id, title, content, hashtag, created_at, created_by, modified_at, modified_by) values (43, 2, 'Duis aliquam convallis nunc. Proin at turpis a pede posuere nonummy. Integer non velit.', 'Cras mi pede, malesuada in, imperdiet et, commodo vulputate, justo. In blandit ultrices enim. Lorem ipsum dolor sit amet, consectetuer adipiscing elit.', 'UGT', '2022-06-09 06:14:58', 'Ewbach', '2023-04-01 19:36:53', 'Zarb');
insert into article (id, member_member_id, title, content, hashtag, created_at, created_by, modified_at, modified_by) values (44, 2, 'In hac habitasse platea dictumst.', 'Integer tincidunt ante vel ipsum. Praesent blandit lacinia erat. Vestibulum sed magna at nunc commodo placerat.', 'SOO', '2022-05-11 10:02:01', 'Marchment', '2023-02-21 21:03:37', 'Esilmon');
insert into article (id, member_member_id, title, content, hashtag, created_at, created_by, modified_at, modified_by) values (45, 1, 'In est risus, auctor sed, tristique in, tempus sit amet, sem. Fusce consequat.', 'Fusce posuere felis sed lacus. Morbi sem mauris, laoreet ut, rhoncus aliquet, pulvinar sed, nisl. Nunc rhoncus dui vel sem.', 'YCU', '2022-06-10 16:37:30', 'Hurne', '2022-11-29 22:26:00', 'Dowtry');
insert into article (id, member_member_id, title, content, hashtag, created_at, created_by, modified_at, modified_by) values (46, 1, 'Nam nulla.', 'Morbi porttitor lorem id ligula. Suspendisse ornare consequat lectus. In est risus, auctor sed, tristique in, tempus sit amet, sem.', 'RGN', '2022-07-04 19:10:40', 'Sharphouse', '2022-08-28 17:05:03', 'Worwood');
insert into article (id, member_member_id, title, content, hashtag, created_at, created_by, modified_at, modified_by) values (47, 1, 'Sed sagittis.', 'Nullam sit amet turpis elementum ligula vehicula consequat. Morbi a ipsum. Integer a nibh.', 'ICT', '2023-01-26 16:05:34', 'Choldcroft', '2022-06-28 19:08:22', 'Cater');
insert into article (id, member_member_id, title, content, hashtag, created_at, created_by, modified_at, modified_by) values (48, 2, 'Nulla suscipit ligula in lacus. Curabitur at ipsum ac tellus semper interdum.', 'Fusce posuere felis sed lacus. Morbi sem mauris, laoreet ut, rhoncus aliquet, pulvinar sed, nisl. Nunc rhoncus dui vel sem.', 'EMA', '2022-09-28 02:43:46', 'Gamage', '2022-08-08 07:11:20', 'Tincey');
insert into article (id, member_member_id, title, content, hashtag, created_at, created_by, modified_at, modified_by) values (49, 1, 'Cum sociis natoque penatibus et magnis dis parturient montes, nascetur ridiculus mus. Vivamus vestibulum sagittis sapien.', 'Aliquam quis turpis eget elit sodales scelerisque. Mauris sit amet eros. Suspendisse accumsan tortor quis turpis.', 'KWO', '2023-03-14 19:10:13', 'Aldins', '2022-08-10 21:10:03', 'Suller');
insert into article (id, member_member_id, title, content, hashtag, created_at, created_by, modified_at, modified_by) values (50, 1, 'Nunc purus. Phasellus in felis.', 'Integer ac leo. Pellentesque ultrices mattis odio. Donec vitae nisi.', 'WEI', '2022-07-11 07:44:39', 'Chisnall', '2023-04-22 17:10:40', 'Symcock');
insert into article (id, member_member_id, title, content, hashtag, created_at, created_by, modified_at, modified_by) values (51, 1, 'Morbi odio odio, elementum eu, interdum eu, tincidunt in, leo. Maecenas pulvinar lobortis est.', 'Morbi porttitor lorem id ligula. Suspendisse ornare consequat lectus. In est risus, auctor sed, tristique in, tempus sit amet, sem.', 'YRG', '2023-03-08 10:57:32', 'Cymper', '2022-09-27 11:58:27', 'Flobert');
insert into article (id, member_member_id, title, content, hashtag, created_at, created_by, modified_at, modified_by) values (52, 2, 'Proin eu mi. Nulla ac enim.', 'Lorem ipsum dolor sit amet, consectetuer adipiscing elit. Proin risus. Praesent lectus.', '0', '2022-11-14 14:21:21', 'Quinton', '2023-04-21 14:40:22', 'Sarjeant');
insert into article (id, member_member_id, title, content, hashtag, created_at, created_by, modified_at, modified_by) values (53, 1, 'In sagittis dui vel nisl. Duis ac nibh.', 'Quisque id justo sit amet sapien dignissim vestibulum. Vestibulum ante ipsum primis in faucibus orci luctus et ultrices posuere cubilia Curae; Nulla dapibus dolor vel est. Donec odio justo, sollicitudin ut, suscipit a, feugiat et, eros.', 'PJA', '2022-06-05 05:04:40', 'Cutsforth', '2023-01-18 21:57:42', 'Dronsfield');
insert into article (id, member_member_id, title, content, hashtag, created_at, created_by, modified_at, modified_by) values (54, 2, 'In sagittis dui vel nisl. Duis ac nibh.', 'Curabitur in libero ut massa volutpat convallis. Morbi odio odio, elementum eu, interdum eu, tincidunt in, leo. Maecenas pulvinar lobortis est.', 'SGW', '2022-08-07 01:45:38', 'Gallihawk', '2022-08-22 18:12:35', 'Glynn');
insert into article (id, member_member_id, title, content, hashtag, created_at, created_by, modified_at, modified_by) values (55, 2, 'Vivamus tortor. Duis mattis egestas metus.', 'Nam ultrices, libero non mattis pulvinar, nulla pede ullamcorper augue, a suscipit nulla elit ac nulla. Sed vel enim sit amet nunc viverra dapibus. Nulla suscipit ligula in lacus.', 'CAX', '2022-09-03 15:51:43', 'Heiden', '2022-06-27 02:54:12', 'Tommen');
insert into article (id, member_member_id, title, content, hashtag, created_at, created_by, modified_at, modified_by) values (56, 1, 'In tempor, turpis nec euismod scelerisque, quam turpis adipiscing lorem, vitae mattis nibh ligula nec sem.', 'Praesent id massa id nisl venenatis lacinia. Aenean sit amet justo. Morbi ut odio.', 'KDV', '2022-06-10 10:07:30', 'Carneck', '2022-07-26 19:20:02', 'Millhill');
insert into article (id, member_member_id, title, content, hashtag, created_at, created_by, modified_at, modified_by) values (57, 1, 'Morbi vel lectus in quam fringilla rhoncus. Mauris enim leo, rhoncus sed, vestibulum sit amet, cursus id, turpis.', 'Curabitur gravida nisi at nibh. In hac habitasse platea dictumst. Aliquam augue quam, sollicitudin vitae, consectetuer eget, rutrum at, lorem.', 'EYR', '2022-07-17 19:45:14', 'Shellard', '2022-09-22 04:46:52', 'Harsant');
insert into article (id, member_member_id, title, content, hashtag, created_at, created_by, modified_at, modified_by) values (58, 2, 'Maecenas tristique, est et tempus semper, est quam pharetra magna, ac consequat metus sapien ut nunc.', 'Lorem ipsum dolor sit amet, consectetuer adipiscing elit. Proin risus. Praesent lectus.', 'BJW', '2022-12-12 09:16:23', 'Counsell', '2022-05-25 15:31:50', 'O'' Quirk');
insert into article (id, member_member_id, title, content, hashtag, created_at, created_by, modified_at, modified_by) values (59, 1, 'Aenean auctor gravida sem.', 'Duis aliquam convallis nunc. Proin at turpis a pede posuere nonummy. Integer non velit.', 'IJK', '2022-07-18 21:28:27', 'Saltsberg', '2022-07-14 21:58:30', 'Cumesky');
insert into article (id, member_member_id, title, content, hashtag, created_at, created_by, modified_at, modified_by) values (60, 1, 'Fusce congue, diam id ornare imperdiet, sapien urna pretium nisl, ut volutpat sapien arcu sed augue. Aliquam erat volutpat. In congue.', 'Integer tincidunt ante vel ipsum. Praesent blandit lacinia erat. Vestibulum sed magna at nunc commodo placerat.', 'FSD', '2023-01-06 15:43:13', 'Zanutti', '2022-11-11 00:19:02', 'Delafont');
insert into article (id, member_member_id, title, content, hashtag, created_at, created_by, modified_at, modified_by) values (61, 1, 'Nulla tempus. Vivamus in felis eu sapien cursus vestibulum. Proin eu mi.', 'Proin eu mi. Nulla ac enim. In tempor, turpis nec euismod scelerisque, quam turpis adipiscing lorem, vitae mattis nibh ligula nec sem.', 'BEC', '2022-10-29 18:38:27', 'Longworth', '2022-05-28 22:31:05', 'Hammerberger');
insert into article (id, member_member_id, title, content, hashtag, created_at, created_by, modified_at, modified_by) values (62, 1, 'Phasellus in felis.', 'Nullam porttitor lacus at turpis. Donec posuere metus vitae ipsum. Aliquam non mauris.', '0', '2022-12-15 16:19:42', 'Glenfield', '2022-12-09 06:42:20', 'Thompstone');
insert into article (id, member_member_id, title, content, hashtag, created_at, created_by, modified_at, modified_by) values (63, 2, 'Pellentesque eget nunc.', 'Donec diam neque, vestibulum eget, vulputate ut, ultrices vel, augue. Vestibulum ante ipsum primis in faucibus orci luctus et ultrices posuere cubilia Curae; Donec pharetra, magna vestibulum aliquet ultrices, erat tortor sollicitudin mi, sit amet lobortis sapien sapien non mi. Integer ac neque.', 'LML', '2023-04-06 11:33:45', 'Ashbrook', '2023-02-24 22:10:45', 'Rochford');
insert into article (id, member_member_id, title, content, hashtag, created_at, created_by, modified_at, modified_by) values (64, 1, 'Nullam sit amet turpis elementum ligula vehicula consequat. Morbi a ipsum. Integer a nibh.', 'Quisque porta volutpat erat. Quisque erat eros, viverra eget, congue eget, semper rutrum, nulla. Nunc purus.', 'UBP', '2023-04-15 00:00:11', 'Wisby', '2022-11-12 18:32:57', 'Masser');
insert into article (id, member_member_id, title, content, hashtag, created_at, created_by, modified_at, modified_by) values (65, 1, 'Proin interdum mauris non ligula pellentesque ultrices. Phasellus id sapien in sapien iaculis congue.', 'Morbi porttitor lorem id ligula. Suspendisse ornare consequat lectus. In est risus, auctor sed, tristique in, tempus sit amet, sem.', 'MWP', '2023-04-22 11:31:40', 'Sends', '2023-03-25 23:40:50', 'Sloyan');
insert into article (id, member_member_id, title, content, hashtag, created_at, created_by, modified_at, modified_by) values (66, 1, 'Nulla tempus. Vivamus in felis eu sapien cursus vestibulum. Proin eu mi.', 'Etiam vel augue. Vestibulum rutrum rutrum neque. Aenean auctor gravida sem.', 'TUL', '2023-02-14 15:58:12', 'Nassey', '2022-06-18 20:15:55', 'O''Glassane');
insert into article (id, member_member_id, title, content, hashtag, created_at, created_by, modified_at, modified_by) values (67, 1, 'Donec vitae nisi.', 'Duis bibendum, felis sed interdum venenatis, turpis enim blandit mi, in porttitor pede justo eu massa. Donec dapibus. Duis at velit eu est congue elementum.', 'NQY', '2023-02-06 03:19:51', 'Menichini', '2022-12-15 19:00:35', 'Statersfield');
insert into article (id, member_member_id, title, content, hashtag, created_at, created_by, modified_at, modified_by) values (68, 1, 'Cras non velit nec nisi vulputate nonummy. Maecenas tincidunt lacus at velit.', 'Morbi non lectus. Aliquam sit amet diam in magna bibendum imperdiet. Nullam orci pede, venenatis non, sodales sed, tincidunt eu, felis.', 'SBX', '2022-06-20 00:44:41', 'Pionter', '2022-12-22 12:26:36', 'Lansly');
insert into article (id, member_member_id, title, content, hashtag, created_at, created_by, modified_at, modified_by) values (69, 1, 'Duis bibendum. Morbi non quam nec dui luctus rutrum.', 'Aenean fermentum. Donec ut mauris eget massa tempor convallis. Nulla neque libero, convallis eget, eleifend luctus, ultricies eu, nibh.', 'AYU', '2022-12-30 01:32:15', 'Bockh', '2022-08-23 15:15:34', 'Hullbrook');
insert into article (id, member_member_id, title, content, hashtag, created_at, created_by, modified_at, modified_by) values (70, 2, 'Nam dui. Proin leo odio, porttitor id, consequat in, consequat ut, nulla. Sed accumsan felis.', 'Praesent id massa id nisl venenatis lacinia. Aenean sit amet justo. Morbi ut odio.', 'OLD', '2022-07-23 10:01:54', 'Cram', '2023-04-05 14:50:24', 'Willard');
insert into article (id, member_member_id, title, content, hashtag, created_at, created_by, modified_at, modified_by) values (71, 1, 'Duis bibendum. Morbi non quam nec dui luctus rutrum.', 'Quisque id justo sit amet sapien dignissim vestibulum. Vestibulum ante ipsum primis in faucibus orci luctus et ultrices posuere cubilia Curae; Nulla dapibus dolor vel est. Donec odio justo, sollicitudin ut, suscipit a, feugiat et, eros.', 'RTC', '2022-09-01 07:08:17', 'Allsupp', '2023-02-08 16:03:06', 'Beamont');
insert into article (id, member_member_id, title, content, hashtag, created_at, created_by, modified_at, modified_by) values (72, 2, 'Pellentesque at nulla. Suspendisse potenti. Cras in purus eu magna vulputate luctus.', 'Maecenas leo odio, condimentum id, luctus nec, molestie sed, justo. Pellentesque viverra pede ac diam. Cras pellentesque volutpat dui.', 'TRI', '2022-06-06 07:21:20', 'Kinvig', '2022-06-19 15:45:55', 'Presslie');
insert into article (id, member_member_id, title, content, hashtag, created_at, created_by, modified_at, modified_by) values (73, 1, 'In hac habitasse platea dictumst. Maecenas ut massa quis augue luctus tincidunt. Nulla mollis molestie lorem.', 'Vestibulum ac est lacinia nisi venenatis tristique. Fusce congue, diam id ornare imperdiet, sapien urna pretium nisl, ut volutpat sapien arcu sed augue. Aliquam erat volutpat.', 'YYY', '2022-07-31 21:41:08', 'Brabender', '2022-06-09 21:08:22', 'Billing');
insert into article (id, member_member_id, title, content, hashtag, created_at, created_by, modified_at, modified_by) values (74, 2, 'Cras mi pede, malesuada in, imperdiet et, commodo vulputate, justo.', 'Cum sociis natoque penatibus et magnis dis parturient montes, nascetur ridiculus mus. Vivamus vestibulum sagittis sapien. Cum sociis natoque penatibus et magnis dis parturient montes, nascetur ridiculus mus.', 'YAM', '2023-01-11 05:20:38', 'Sandbach', '2022-10-27 06:19:19', 'Rammell');
insert into article (id, member_member_id, title, content, hashtag, created_at, created_by, modified_at, modified_by) values (75, 2, 'Nulla facilisi. Cras non velit nec nisi vulputate nonummy. Maecenas tincidunt lacus at velit.', 'Vestibulum quam sapien, varius ut, blandit non, interdum in, ante. Vestibulum ante ipsum primis in faucibus orci luctus et ultrices posuere cubilia Curae; Duis faucibus accumsan odio. Curabitur convallis.', 'APW', '2022-12-06 04:54:01', 'Brodest', '2022-08-31 01:10:39', 'Ruddle');
insert into article (id, member_member_id, title, content, hashtag, created_at, created_by, modified_at, modified_by) values (76, 2, 'Morbi quis tortor id nulla ultrices aliquet. Maecenas leo odio, condimentum id, luctus nec, molestie sed, justo. Pellentesque viverra pede ac diam.', 'Proin eu mi. Nulla ac enim. In tempor, turpis nec euismod scelerisque, quam turpis adipiscing lorem, vitae mattis nibh ligula nec sem.', 'GDI', '2022-10-11 15:31:36', 'Brimble', '2022-12-27 15:16:23', 'Bogace');
insert into article (id, member_member_id, title, content, hashtag, created_at, created_by, modified_at, modified_by) values (77, 2, 'In quis justo.', 'Maecenas leo odio, condimentum id, luctus nec, molestie sed, justo. Pellentesque viverra pede ac diam. Cras pellentesque volutpat dui.', 'ROY', '2022-10-09 12:27:19', 'Vaz', '2022-10-13 23:46:15', 'Karlsson');
insert into article (id, member_member_id, title, content, hashtag, created_at, created_by, modified_at, modified_by) values (78, 2, 'Nulla facilisi. Cras non velit nec nisi vulputate nonummy. Maecenas tincidunt lacus at velit.', 'Curabitur at ipsum ac tellus semper interdum. Mauris ullamcorper purus sit amet nulla. Quisque arcu libero, rutrum ac, lobortis vel, dapibus at, diam.', 'EMG', '2022-09-09 07:25:26', 'Tingey', '2022-08-27 08:28:04', 'Heball');
insert into article (id, member_member_id, title, content, hashtag, created_at, created_by, modified_at, modified_by) values (79, 2, 'Morbi non quam nec dui luctus rutrum. Nulla tellus.', 'Vestibulum ac est lacinia nisi venenatis tristique. Fusce congue, diam id ornare imperdiet, sapien urna pretium nisl, ut volutpat sapien arcu sed augue. Aliquam erat volutpat.', 'BXO', '2022-05-31 23:24:21', 'Kinloch', '2023-04-04 15:09:34', 'Yegorov');
insert into article (id, member_member_id, title, content, hashtag, created_at, created_by, modified_at, modified_by) values (80, 1, 'Aliquam sit amet diam in magna bibendum imperdiet. Nullam orci pede, venenatis non, sodales sed, tincidunt eu, felis.', 'Cras non velit nec nisi vulputate nonummy. Maecenas tincidunt lacus at velit. Vivamus vel nulla eget eros elementum pellentesque.', 'XFW', '2023-04-08 23:36:21', 'Neagle', '2022-12-06 15:10:17', 'Palffrey');
insert into article (id, member_member_id, title, content, hashtag, created_at, created_by, modified_at, modified_by) values (81, 1, 'Donec odio justo, sollicitudin ut, suscipit a, feugiat et, eros. Vestibulum ac est lacinia nisi venenatis tristique.', 'Lorem ipsum dolor sit amet, consectetuer adipiscing elit. Proin risus. Praesent lectus.', 'DAG', '2022-11-08 04:10:27', 'Caswall', '2022-08-14 14:42:36', 'McCotter');
insert into article (id, member_member_id, title, content, hashtag, created_at, created_by, modified_at, modified_by) values (82, 2, 'Cras pellentesque volutpat dui. Maecenas tristique, est et tempus semper, est quam pharetra magna, ac consequat metus sapien ut nunc. Vestibulum ante ipsum primis in faucibus orci luctus et ultrices posuere cubilia Curae; Mauris viverra diam vitae quam.', 'Sed sagittis. Nam congue, risus semper porta volutpat, quam pede lobortis ligula, sit amet eleifend pede libero quis orci. Nullam molestie nibh in lectus.', 'PUM', '2022-12-13 19:26:00', 'Mougeot', '2023-03-05 21:25:49', 'Theobalds');
insert into article (id, member_member_id, title, content, hashtag, created_at, created_by, modified_at, modified_by) values (83, 2, 'Fusce consequat.', 'Nullam sit amet turpis elementum ligula vehicula consequat. Morbi a ipsum. Integer a nibh.', 'FRJ', '2022-08-24 23:47:13', 'Snodin', '2022-09-19 17:22:14', 'Curton');
insert into article (id, member_member_id, title, content, hashtag, created_at, created_by, modified_at, modified_by) values (84, 2, 'Mauris ullamcorper purus sit amet nulla. Quisque arcu libero, rutrum ac, lobortis vel, dapibus at, diam.', 'Aenean fermentum. Donec ut mauris eget massa tempor convallis. Nulla neque libero, convallis eget, eleifend luctus, ultricies eu, nibh.', 'VNS', '2022-10-05 07:16:54', 'Maddison', '2023-04-03 19:03:32', 'Cristobal');
insert into article (id, member_member_id, title, content, hashtag, created_at, created_by, modified_at, modified_by) values (85, 2, 'Praesent lectus. Vestibulum quam sapien, varius ut, blandit non, interdum in, ante. Vestibulum ante ipsum primis in faucibus orci luctus et ultrices posuere cubilia Curae; Duis faucibus accumsan odio.', 'Etiam vel augue. Vestibulum rutrum rutrum neque. Aenean auctor gravida sem.', 'GAB', '2022-06-13 12:22:55', 'Cawsey', '2022-05-15 15:50:49', 'Maclean');
insert into article (id, member_member_id, title, content, hashtag, created_at, created_by, modified_at, modified_by) values (86, 1, 'Praesent id massa id nisl venenatis lacinia. Aenean sit amet justo.', 'Etiam vel augue. Vestibulum rutrum rutrum neque. Aenean auctor gravida sem.', 'GNB', '2022-10-01 06:51:37', 'Daniell', '2022-10-12 16:26:07', 'Ravilus');
insert into article (id, member_member_id, title, content, hashtag, created_at, created_by, modified_at, modified_by) values (87, 1, 'Etiam pretium iaculis justo. In hac habitasse platea dictumst.', 'Donec diam neque, vestibulum eget, vulputate ut, ultrices vel, augue. Vestibulum ante ipsum primis in faucibus orci luctus et ultrices posuere cubilia Curae; Donec pharetra, magna vestibulum aliquet ultrices, erat tortor sollicitudin mi, sit amet lobortis sapien sapien non mi. Integer ac neque.', 'JWA', '2023-02-16 18:27:12', 'Sidlow', '2022-11-05 21:44:05', 'Loxton');
insert into article (id, member_member_id, title, content, hashtag, created_at, created_by, modified_at, modified_by) values (88, 1, 'Phasellus in felis. Donec semper sapien a libero. Nam dui.', 'In congue. Etiam justo. Etiam pretium iaculis justo.', 'OCW', '2022-07-20 09:33:09', 'Wellstead', '2022-08-29 03:45:55', 'Janovsky');
insert into article (id, member_member_id, title, content, hashtag, created_at, created_by, modified_at, modified_by) values (89, 2, 'Nulla tellus.', 'Vestibulum ac est lacinia nisi venenatis tristique. Fusce congue, diam id ornare imperdiet, sapien urna pretium nisl, ut volutpat sapien arcu sed augue. Aliquam erat volutpat.', 'PBT', '2022-07-17 15:02:21', 'Kintzel', '2023-03-08 22:39:06', 'Cancutt');
insert into article (id, member_member_id, title, content, hashtag, created_at, created_by, modified_at, modified_by) values (90, 2, 'Curabitur in libero ut massa volutpat convallis. Morbi odio odio, elementum eu, interdum eu, tincidunt in, leo. Maecenas pulvinar lobortis est.', 'Aenean lectus. Pellentesque eget nunc. Donec quis orci eget orci vehicula condimentum.', 'SIQ', '2023-03-21 21:05:10', 'Bergeau', '2022-12-30 17:40:02', 'Ginley');
insert into article (id, member_member_id, title, content, hashtag, created_at, created_by, modified_at, modified_by) values (91, 1, 'Nulla ut erat id mauris vulputate elementum. Nullam varius.', 'Phasellus in felis. Donec semper sapien a libero. Nam dui.', 'OKN', '2022-07-04 06:02:10', 'Standingford', '2022-09-24 04:38:45', 'Barritt');
insert into article (id, member_member_id, title, content, hashtag, created_at, created_by, modified_at, modified_by) values (92, 2, 'Mauris lacinia sapien quis libero.', 'Cum sociis natoque penatibus et magnis dis parturient montes, nascetur ridiculus mus. Vivamus vestibulum sagittis sapien. Cum sociis natoque penatibus et magnis dis parturient montes, nascetur ridiculus mus.', 'OMB', '2023-01-20 07:06:07', 'Brazenor', '2022-10-12 11:14:13', 'de Zamora');
insert into article (id, member_member_id, title, content, hashtag, created_at, created_by, modified_at, modified_by) values (93, 1, 'Vestibulum ante ipsum primis in faucibus orci luctus et ultrices posuere cubilia Curae; Nulla dapibus dolor vel est. Donec odio justo, sollicitudin ut, suscipit a, feugiat et, eros.', 'Quisque porta volutpat erat. Quisque erat eros, viverra eget, congue eget, semper rutrum, nulla. Nunc purus.', 'GRH', '2022-09-02 02:51:38', 'Badger', '2022-09-15 12:09:21', 'Malek');
insert into article (id, member_member_id, title, content, hashtag, created_at, created_by, modified_at, modified_by) values (94, 2, 'Maecenas ut massa quis augue luctus tincidunt.', 'Cum sociis natoque penatibus et magnis dis parturient montes, nascetur ridiculus mus. Vivamus vestibulum sagittis sapien. Cum sociis natoque penatibus et magnis dis parturient montes, nascetur ridiculus mus.', 'BIQ', '2022-06-02 17:24:02', 'Dullard', '2023-03-07 14:46:07', 'McVeigh');
insert into article (id, member_member_id, title, content, hashtag, created_at, created_by, modified_at, modified_by) values (95, 2, 'Pellentesque viverra pede ac diam.', 'Proin interdum mauris non ligula pellentesque ultrices. Phasellus id sapien in sapien iaculis congue. Vivamus metus arcu, adipiscing molestie, hendrerit at, vulputate vitae, nisl.', 'NOA', '2023-04-08 19:38:41', 'Warsap', '2022-09-13 14:39:07', 'Pietruschka');
insert into article (id, member_member_id, title, content, hashtag, created_at, created_by, modified_at, modified_by) values (96, 1, 'Morbi sem mauris, laoreet ut, rhoncus aliquet, pulvinar sed, nisl. Nunc rhoncus dui vel sem. Sed sagittis.', 'Sed ante. Vivamus tortor. Duis mattis egestas metus.', 'LVS', '2022-06-23 00:09:06', 'Lewsley', '2022-05-07 11:48:16', 'Lillford');
insert into article (id, member_member_id, title, content, hashtag, created_at, created_by, modified_at, modified_by) values (97, 1, 'Duis aliquam convallis nunc. Proin at turpis a pede posuere nonummy.', 'Phasellus in felis. Donec semper sapien a libero. Nam dui.', 'ZAD', '2022-08-25 11:51:08', 'Heasman', '2022-09-04 04:50:08', 'Brea');
insert into article (id, member_member_id, title, content, hashtag, created_at, created_by, modified_at, modified_by) values (98, 2, 'Mauris sit amet eros. Suspendisse accumsan tortor quis turpis.', 'Etiam vel augue. Vestibulum rutrum rutrum neque. Aenean auctor gravida sem.', 'DDG', '2023-01-01 10:23:29', 'Gething', '2022-09-12 23:41:42', 'Birdseye');
insert into article (id, member_member_id, title, content, hashtag, created_at, created_by, modified_at, modified_by) values (99, 2, 'Donec posuere metus vitae ipsum.', 'Fusce consequat. Nulla nisl. Nunc nisl.', 'SFM', '2022-09-02 17:09:11', 'Felgat', '2022-07-30 13:51:48', 'Sagg');
insert into article (id, member_member_id, title, content, hashtag, created_at, created_by, modified_at, modified_by) values (100, 1, 'Fusce congue, diam id ornare imperdiet, sapien urna pretium nisl, ut volutpat sapien arcu sed augue.', 'Nulla ut erat id mauris vulputate elementum. Nullam varius. Nulla facilisi.', 'LWT', '2022-12-05 20:44:09', 'Hancill', '2022-06-20 02:52:36', 'Hugland');


insert into article_comment (id, member_member_id, article_id, content, created_at, created_by, modified_at, modified_by) values (1, 2, 78, 'Nullam porttitor lacus at turpis.', '2022-11-05 00:26:20', 'Lawtie', '2022-12-08 08:51:47', 'Yerby');
insert into article_comment (id, member_member_id, article_id, content, created_at, created_by, modified_at, modified_by) values (2, 2, 75, 'Nunc nisl. Duis bibendum, felis sed interdum venenatis, turpis enim blandit mi, in porttitor pede justo eu massa.', '2022-09-18 20:48:05', 'Coote', '2022-07-25 00:32:05', 'Heibl');
insert into article_comment (id, member_member_id, article_id, content, created_at, created_by, modified_at, modified_by) values (3, 2, 89, 'Nulla ac enim. In tempor, turpis nec euismod scelerisque, quam turpis adipiscing lorem, vitae mattis nibh ligula nec sem.', '2022-08-23 23:30:44', 'Grime', '2022-12-09 14:07:54', 'Ingman');
insert into article_comment (id, member_member_id, article_id, content, created_at, created_by, modified_at, modified_by) values (4, 2, 87, 'Lorem ipsum dolor sit amet, consectetuer adipiscing elit. Proin interdum mauris non ligula pellentesque ultrices.', '2022-05-23 12:43:43', 'Archibold', '2023-04-20 22:48:59', 'Geri');
insert into article_comment (id, member_member_id, article_id, content, created_at, created_by, modified_at, modified_by) values (5, 1, 66, 'Nullam molestie nibh in lectus. Pellentesque at nulla.', '2022-07-13 09:07:36', 'Girauld', '2022-09-18 05:24:23', 'Skeggs');
insert into article_comment (id, member_member_id, article_id, content, created_at, created_by, modified_at, modified_by) values (6, 1, 80, 'In hac habitasse platea dictumst.', '2023-03-06 18:56:57', 'Lindstrom', '2022-09-18 16:28:57', 'MacNulty');
insert into article_comment (id, member_member_id, article_id, content, created_at, created_by, modified_at, modified_by) values (7, 1, 68, 'Donec semper sapien a libero. Nam dui.', '2022-11-06 11:04:15', 'Trice', '2023-02-13 03:24:06', 'Bloxam');
insert into article_comment (id, member_member_id, article_id, content, created_at, created_by, modified_at, modified_by) values (8, 2, 27, 'Vivamus in felis eu sapien cursus vestibulum. Proin eu mi.', '2022-11-24 00:35:30', 'Simonite', '2022-12-03 14:17:44', 'Matevushev');
insert into article_comment (id, member_member_id, article_id, content, created_at, created_by, modified_at, modified_by) values (9, 2, 84, 'Ut at dolor quis odio consequat varius.', '2023-02-04 00:58:31', 'Widocks', '2023-04-13 03:56:30', 'MacAvaddy');
insert into article_comment (id, member_member_id, article_id, content, created_at, created_by, modified_at, modified_by) values (10, 2, 70, 'Nulla nisl.', '2022-07-09 13:47:18', 'Easlea', '2023-03-06 06:24:59', 'Fahrenbacher');
insert into article_comment (id, member_member_id, article_id, content, created_at, created_by, modified_at, modified_by) values (11, 1, 92, 'Suspendisse potenti. Cras in purus eu magna vulputate luctus.', '2022-11-02 16:24:55', 'Perillo', '2023-04-25 12:48:24', 'Kornyakov');
insert into article_comment (id, member_member_id, article_id, content, created_at, created_by, modified_at, modified_by) values (12, 2, 76, 'Nullam molestie nibh in lectus.', '2022-11-21 08:09:14', 'Clethro', '2022-11-18 18:21:48', 'Sandle');
insert into article_comment (id, member_member_id, article_id, content, created_at, created_by, modified_at, modified_by) values (13, 1, 82, 'In congue.', '2022-10-06 03:51:34', 'Turbern', '2023-03-19 14:44:11', 'Standen');
insert into article_comment (id, member_member_id, article_id, content, created_at, created_by, modified_at, modified_by) values (14, 2, 2, 'Nullam varius.', '2022-05-29 17:01:06', 'Petriello', '2022-12-08 02:00:42', 'Preskett');
insert into article_comment (id, member_member_id, article_id, content, created_at, created_by, modified_at, modified_by) values (15, 1, 25, 'Morbi sem mauris, laoreet ut, rhoncus aliquet, pulvinar sed, nisl. Nunc rhoncus dui vel sem.', '2022-09-25 05:31:28', 'Hazleton', '2022-09-04 00:06:01', 'Elleray');
insert into article_comment (id, member_member_id, article_id, content, created_at, created_by, modified_at, modified_by) values (16, 1, 90, 'Integer ac leo.', '2023-01-19 19:21:48', 'Cossans', '2022-11-01 13:40:55', 'Gamblin');
insert into article_comment (id, member_member_id, article_id, content, created_at, created_by, modified_at, modified_by) values (17, 1, 11, 'Pellentesque eget nunc.', '2022-07-25 19:05:43', 'Cordie', '2022-06-18 13:11:24', 'Mattingley');
insert into article_comment (id, member_member_id, article_id, content, created_at, created_by, modified_at, modified_by) values (18, 2, 26, 'Aliquam non mauris. Morbi non lectus.', '2022-07-12 16:49:52', 'Riggulsford', '2023-04-23 12:19:59', 'MacCollom');
insert into article_comment (id, member_member_id, article_id, content, created_at, created_by, modified_at, modified_by) values (19, 2, 97, 'Mauris ullamcorper purus sit amet nulla. Quisque arcu libero, rutrum ac, lobortis vel, dapibus at, diam.', '2022-08-13 23:04:07', 'Silversmidt', '2023-04-06 02:12:39', 'Couper');
insert into article_comment (id, member_member_id, article_id, content, created_at, created_by, modified_at, modified_by) values (20, 2, 100, 'In eleifend quam a odio.', '2022-08-21 18:11:58', 'Falk', '2022-07-17 06:56:22', 'Nicely');
insert into article_comment (id, member_member_id, article_id, content, created_at, created_by, modified_at, modified_by) values (21, 2, 24, 'Donec vitae nisi. Nam ultrices, libero non mattis pulvinar, nulla pede ullamcorper augue, a suscipit nulla elit ac nulla.', '2022-11-22 10:30:06', 'Diggens', '2022-11-24 15:27:43', 'Basile');
insert into article_comment (id, member_member_id, article_id, content, created_at, created_by, modified_at, modified_by) values (22, 2, 14, 'Curabitur gravida nisi at nibh. In hac habitasse platea dictumst.', '2022-10-14 14:47:49', 'Greguol', '2022-08-23 14:31:15', 'Summerrell');
insert into article_comment (id, member_member_id, article_id, content, created_at, created_by, modified_at, modified_by) values (23, 1, 20, 'Maecenas ut massa quis augue luctus tincidunt.', '2022-07-30 05:26:42', 'Coppock.', '2022-12-15 07:45:55', 'Bamlett');
insert into article_comment (id, member_member_id, article_id, content, created_at, created_by, modified_at, modified_by) values (24, 1, 70, 'In hac habitasse platea dictumst.', '2022-08-03 14:15:47', 'Seeking', '2022-05-19 04:20:17', 'Lamey');
insert into article_comment (id, member_member_id, article_id, content, created_at, created_by, modified_at, modified_by) values (25, 2, 36, 'Pellentesque viverra pede ac diam. Cras pellentesque volutpat dui.', '2022-11-04 23:21:54', 'Skentelbery', '2022-12-05 08:11:02', 'Wenderott');
insert into article_comment (id, member_member_id, article_id, content, created_at, created_by, modified_at, modified_by) values (26, 1, 66, 'Praesent id massa id nisl venenatis lacinia.', '2022-05-29 03:44:51', 'Hatliff', '2022-11-02 20:19:55', 'Cawthorne');
insert into article_comment (id, member_member_id, article_id, content, created_at, created_by, modified_at, modified_by) values (27, 2, 72, 'Nullam sit amet turpis elementum ligula vehicula consequat. Morbi a ipsum.', '2022-10-05 04:14:20', 'Cattel', '2022-09-17 23:48:23', 'Leatherbarrow');
insert into article_comment (id, member_member_id, article_id, content, created_at, created_by, modified_at, modified_by) values (28, 1, 30, 'Nulla nisl.', '2022-10-15 09:54:59', 'Helleker', '2023-04-14 05:13:05', 'Swiffan');
insert into article_comment (id, member_member_id, article_id, content, created_at, created_by, modified_at, modified_by) values (29, 1, 47, 'Nulla mollis molestie lorem.', '2022-09-06 06:55:43', 'Kerrane', '2022-12-14 01:22:40', 'L''Amie');
insert into article_comment (id, member_member_id, article_id, content, created_at, created_by, modified_at, modified_by) values (30, 2, 8, 'Vestibulum sed magna at nunc commodo placerat.', '2023-01-07 13:58:09', 'Escot', '2022-07-13 12:49:47', 'Dory');
insert into article_comment (id, member_member_id, article_id, content, created_at, created_by, modified_at, modified_by) values (31, 1, 37, 'Praesent blandit.', '2022-11-25 05:42:24', 'Bisterfeld', '2022-10-15 22:25:01', 'MacKeig');
insert into article_comment (id, member_member_id, article_id, content, created_at, created_by, modified_at, modified_by) values (32, 1, 3, 'Cras mi pede, malesuada in, imperdiet et, commodo vulputate, justo.', '2022-05-05 23:06:26', 'Haddy', '2022-05-16 13:03:15', 'Iacavone');
insert into article_comment (id, member_member_id, article_id, content, created_at, created_by, modified_at, modified_by) values (33, 2, 70, 'Morbi ut odio. Cras mi pede, malesuada in, imperdiet et, commodo vulputate, justo.', '2022-12-18 06:18:59', 'Bigby', '2023-02-01 01:16:57', 'Pottery');
insert into article_comment (id, member_member_id, article_id, content, created_at, created_by, modified_at, modified_by) values (34, 2, 78, 'Phasellus in felis. Donec semper sapien a libero.', '2023-01-26 14:31:50', 'Saipy', '2023-03-12 13:14:26', 'Follows');
insert into article_comment (id, member_member_id, article_id, content, created_at, created_by, modified_at, modified_by) values (35, 2, 12, 'Aenean sit amet justo. Morbi ut odio.', '2022-12-08 13:58:54', 'Crake', '2023-02-21 12:58:20', 'Morecombe');
insert into article_comment (id, member_member_id, article_id, content, created_at, created_by, modified_at, modified_by) values (36, 1, 50, 'Nulla tempus.', '2022-10-22 02:35:31', 'Lethem', '2023-03-24 18:45:06', 'Leather');
insert into article_comment (id, member_member_id, article_id, content, created_at, created_by, modified_at, modified_by) values (37, 2, 7, 'In hac habitasse platea dictumst.', '2023-01-10 05:14:59', 'Pigdon', '2022-12-02 21:19:05', 'Burness');
insert into article_comment (id, member_member_id, article_id, content, created_at, created_by, modified_at, modified_by) values (38, 2, 51, 'Cum sociis natoque penatibus et magnis dis parturient montes, nascetur ridiculus mus.', '2023-01-04 01:41:53', 'McIlharga', '2022-08-04 10:19:23', 'Leddy');
insert into article_comment (id, member_member_id, article_id, content, created_at, created_by, modified_at, modified_by) values (39, 2, 70, 'Aliquam sit amet diam in magna bibendum imperdiet.', '2022-05-05 22:02:11', 'Carrigan', '2023-04-09 04:27:30', 'Batterton');
insert into article_comment (id, member_member_id, article_id, content, created_at, created_by, modified_at, modified_by) values (40, 2, 17, 'Vivamus vel nulla eget eros elementum pellentesque. Quisque porta volutpat erat.', '2022-09-26 11:37:04', 'Storrar', '2022-05-11 18:44:47', 'Maha');
insert into article_comment (id, member_member_id, article_id, content, created_at, created_by, modified_at, modified_by) values (41, 2, 24, 'Proin at turpis a pede posuere nonummy. Integer non velit.', '2022-10-22 18:40:51', 'Evennett', '2023-04-09 07:04:47', 'McCaghan');
insert into article_comment (id, member_member_id, article_id, content, created_at, created_by, modified_at, modified_by) values (42, 2, 49, 'In sagittis dui vel nisl. Duis ac nibh.', '2022-11-12 15:12:13', 'Philippon', '2022-07-30 20:06:25', 'Vane');
insert into article_comment (id, member_member_id, article_id, content, created_at, created_by, modified_at, modified_by) values (43, 2, 28, 'Praesent id massa id nisl venenatis lacinia.', '2022-09-07 16:07:31', 'Pollen', '2023-04-21 01:58:02', 'Ivins');
insert into article_comment (id, member_member_id, article_id, content, created_at, created_by, modified_at, modified_by) values (44, 2, 56, 'Maecenas ut massa quis augue luctus tincidunt. Nulla mollis molestie lorem.', '2022-06-07 14:50:14', 'Fromant', '2022-05-21 10:07:26', 'Chrystie');
insert into article_comment (id, member_member_id, article_id, content, created_at, created_by, modified_at, modified_by) values (45, 1, 54, 'Phasellus in felis.', '2022-07-01 13:01:37', 'Rontree', '2023-01-23 01:37:36', 'Lechmere');
insert into article_comment (id, member_member_id, article_id, content, created_at, created_by, modified_at, modified_by) values (46, 2, 4, 'Vestibulum ante ipsum primis in faucibus orci luctus et ultrices posuere cubilia Curae; Mauris viverra diam vitae quam.', '2022-12-10 06:39:20', 'Andreas', '2022-08-16 04:14:03', 'Butterly');
insert into article_comment (id, member_member_id, article_id, content, created_at, created_by, modified_at, modified_by) values (47, 1, 69, 'Maecenas rhoncus aliquam lacus.', '2022-11-21 22:14:14', 'Jenk', '2023-04-28 14:03:01', 'Elington');
insert into article_comment (id, member_member_id, article_id, content, created_at, created_by, modified_at, modified_by) values (48, 2, 97, 'Maecenas tincidunt lacus at velit.', '2022-11-30 22:29:57', 'Tethacot', '2022-08-08 09:54:03', 'Rosel');
insert into article_comment (id, member_member_id, article_id, content, created_at, created_by, modified_at, modified_by) values (49, 2, 68, 'Curabitur gravida nisi at nibh. In hac habitasse platea dictumst.', '2023-01-05 00:55:04', 'Lardier', '2022-05-31 21:38:45', 'Tamsett');
insert into article_comment (id, member_member_id, article_id, content, created_at, created_by, modified_at, modified_by) values (50, 1, 9, 'Curabitur convallis. Duis consequat dui nec nisi volutpat eleifend.', '2023-04-07 22:30:57', 'Witling', '2023-01-31 16:24:21', 'Chazette');
insert into article_comment (id, member_member_id, article_id, content, created_at, created_by, modified_at, modified_by) values (51, 2, 59, 'Morbi porttitor lorem id ligula. Suspendisse ornare consequat lectus.', '2023-02-02 16:13:56', 'Atwool', '2022-07-31 01:12:47', 'Tawse');
insert into article_comment (id, member_member_id, article_id, content, created_at, created_by, modified_at, modified_by) values (52, 1, 79, 'In sagittis dui vel nisl. Duis ac nibh.', '2023-01-10 09:48:32', 'Swenson', '2022-11-17 19:32:42', 'Danett');
insert into article_comment (id, member_member_id, article_id, content, created_at, created_by, modified_at, modified_by) values (53, 2, 91, 'Aliquam sit amet diam in magna bibendum imperdiet. Nullam orci pede, venenatis non, sodales sed, tincidunt eu, felis.', '2022-06-07 23:29:15', 'Uttermare', '2023-03-10 08:15:54', 'Fenny');
insert into article_comment (id, member_member_id, article_id, content, created_at, created_by, modified_at, modified_by) values (54, 2, 8, 'Quisque porta volutpat erat.', '2023-03-16 10:04:29', 'Shurrocks', '2023-04-28 03:40:54', 'Montfort');
insert into article_comment (id, member_member_id, article_id, content, created_at, created_by, modified_at, modified_by) values (55, 1, 20, 'Maecenas ut massa quis augue luctus tincidunt. Nulla mollis molestie lorem.', '2022-06-28 21:28:03', 'Albon', '2022-10-15 11:40:54', 'Heaviside');
insert into article_comment (id, member_member_id, article_id, content, created_at, created_by, modified_at, modified_by) values (56, 1, 85, 'Donec semper sapien a libero. Nam dui.', '2023-03-19 03:20:26', 'Zecchinii', '2022-07-15 04:43:51', 'Matokhnin');
insert into article_comment (id, member_member_id, article_id, content, created_at, created_by, modified_at, modified_by) values (57, 2, 100, 'Mauris enim leo, rhoncus sed, vestibulum sit amet, cursus id, turpis.', '2022-08-11 21:19:03', 'Staves', '2022-08-02 23:49:00', 'Damiata');
insert into article_comment (id, member_member_id, article_id, content, created_at, created_by, modified_at, modified_by) values (58, 2, 5, 'Nunc nisl. Duis bibendum, felis sed interdum venenatis, turpis enim blandit mi, in porttitor pede justo eu massa.', '2022-09-19 10:16:18', 'Leisk', '2023-01-03 15:54:54', 'Croxley');
insert into article_comment (id, member_member_id, article_id, content, created_at, created_by, modified_at, modified_by) values (59, 2, 57, 'Quisque porta volutpat erat. Quisque erat eros, viverra eget, congue eget, semper rutrum, nulla.', '2022-09-06 03:05:17', 'Bennough', '2022-11-01 05:53:47', 'Fuke');
insert into article_comment (id, member_member_id, article_id, content, created_at, created_by, modified_at, modified_by) values (60, 1, 61, 'Quisque erat eros, viverra eget, congue eget, semper rutrum, nulla.', '2023-03-30 04:10:36', 'Gooderson', '2022-08-23 07:23:12', 'Ennew');
insert into article_comment (id, member_member_id, article_id, content, created_at, created_by, modified_at, modified_by) values (61, 2, 60, 'Maecenas pulvinar lobortis est. Phasellus sit amet erat.', '2023-03-06 09:30:56', 'Clissold', '2023-01-12 17:08:00', 'Blanshard');
insert into article_comment (id, member_member_id, article_id, content, created_at, created_by, modified_at, modified_by) values (62, 1, 2, 'Vestibulum ante ipsum primis in faucibus orci luctus et ultrices posuere cubilia Curae; Mauris viverra diam vitae quam.', '2022-11-24 21:09:46', 'Funcheon', '2022-05-10 10:54:08', 'Durnford');
insert into article_comment (id, member_member_id, article_id, content, created_at, created_by, modified_at, modified_by) values (63, 2, 65, 'Fusce posuere felis sed lacus. Morbi sem mauris, laoreet ut, rhoncus aliquet, pulvinar sed, nisl.', '2022-05-10 02:42:28', 'Omand', '2022-07-15 05:10:38', 'Llewhellin');
insert into article_comment (id, member_member_id, article_id, content, created_at, created_by, modified_at, modified_by) values (64, 2, 14, 'Cras pellentesque volutpat dui.', '2022-09-30 21:42:12', 'Roadnight', '2022-09-14 10:50:00', 'Soffe');
insert into article_comment (id, member_member_id, article_id, content, created_at, created_by, modified_at, modified_by) values (65, 1, 66, 'In sagittis dui vel nisl.', '2022-10-29 18:12:02', 'Dugall', '2023-03-31 02:35:26', 'Braunter');
insert into article_comment (id, member_member_id, article_id, content, created_at, created_by, modified_at, modified_by) values (66, 2, 9, 'Nullam molestie nibh in lectus.', '2023-04-18 15:41:09', 'Cappell', '2023-04-13 17:55:47', 'Paggitt');
insert into article_comment (id, member_member_id, article_id, content, created_at, created_by, modified_at, modified_by) values (67, 1, 26, 'Fusce congue, diam id ornare imperdiet, sapien urna pretium nisl, ut volutpat sapien arcu sed augue.', '2023-02-16 23:20:59', 'Redgrove', '2023-04-28 02:39:17', 'Bidwell');
insert into article_comment (id, member_member_id, article_id, content, created_at, created_by, modified_at, modified_by) values (68, 2, 9, 'Duis ac nibh. Fusce lacus purus, aliquet at, feugiat non, pretium quis, lectus.', '2023-01-21 05:45:14', 'Kleehuhler', '2022-10-14 15:31:22', 'Piris');
insert into article_comment (id, member_member_id, article_id, content, created_at, created_by, modified_at, modified_by) values (69, 1, 99, 'Pellentesque eget nunc.', '2022-07-17 21:01:48', 'Congreve', '2023-03-03 13:07:04', 'Earl');
insert into article_comment (id, member_member_id, article_id, content, created_at, created_by, modified_at, modified_by) values (70, 1, 63, 'Vestibulum sed magna at nunc commodo placerat. Praesent blandit.', '2022-10-07 19:17:35', 'MacGowan', '2022-06-17 22:45:51', 'O''Scanlon');
insert into article_comment (id, member_member_id, article_id, content, created_at, created_by, modified_at, modified_by) values (71, 2, 8, 'Fusce congue, diam id ornare imperdiet, sapien urna pretium nisl, ut volutpat sapien arcu sed augue. Aliquam erat volutpat.', '2023-03-28 16:23:26', 'Le Grice', '2022-07-07 00:18:29', 'Olenichev');
insert into article_comment (id, member_member_id, article_id, content, created_at, created_by, modified_at, modified_by) values (72, 2, 91, 'Nunc rhoncus dui vel sem.', '2022-06-08 01:08:01', 'Nealey', '2022-06-08 00:29:54', 'De Fries');
insert into article_comment (id, member_member_id, article_id, content, created_at, created_by, modified_at, modified_by) values (73, 1, 74, 'Cum sociis natoque penatibus et magnis dis parturient montes, nascetur ridiculus mus.', '2022-11-09 18:19:23', 'Broadbear', '2023-02-23 01:43:09', 'Dysert');
insert into article_comment (id, member_member_id, article_id, content, created_at, created_by, modified_at, modified_by) values (74, 2, 28, 'Donec dapibus.', '2022-07-25 20:07:18', 'Marquiss', '2023-01-30 12:30:49', 'Summerell');
insert into article_comment (id, member_member_id, article_id, content, created_at, created_by, modified_at, modified_by) values (75, 2, 19, 'Duis at velit eu est congue elementum. In hac habitasse platea dictumst.', '2022-09-28 03:43:59', 'Overstall', '2023-03-03 00:08:35', 'Boteman');
insert into article_comment (id, member_member_id, article_id, content, created_at, created_by, modified_at, modified_by) values (76, 2, 35, 'Quisque erat eros, viverra eget, congue eget, semper rutrum, nulla. Nunc purus.', '2022-08-07 14:57:00', 'Halladey', '2022-07-06 10:36:33', 'Laurance');
insert into article_comment (id, member_member_id, article_id, content, created_at, created_by, modified_at, modified_by) values (77, 2, 77, 'Integer ac neque.', '2023-03-29 04:02:58', 'Waistall', '2022-10-23 21:26:32', 'Raoult');
insert into article_comment (id, member_member_id, article_id, content, created_at, created_by, modified_at, modified_by) values (78, 1, 65, 'Aenean lectus. Pellentesque eget nunc.', '2023-01-02 02:01:35', 'Goodinson', '2022-12-23 09:47:36', 'Capener');
insert into article_comment (id, member_member_id, article_id, content, created_at, created_by, modified_at, modified_by) values (79, 2, 42, 'Aenean auctor gravida sem.', '2022-07-04 17:44:06', 'Kubalek', '2022-08-05 20:39:42', 'Rowntree');
insert into article_comment (id, member_member_id, article_id, content, created_at, created_by, modified_at, modified_by) values (80, 1, 78, 'Vestibulum rutrum rutrum neque.', '2023-01-11 21:35:32', 'Barrell', '2022-09-19 20:32:13', 'Brands');
insert into article_comment (id, member_member_id, article_id, content, created_at, created_by, modified_at, modified_by) values (81, 1, 90, 'Integer tincidunt ante vel ipsum. Praesent blandit lacinia erat.', '2022-10-29 10:33:45', 'Jaskiewicz', '2023-03-29 00:26:29', 'Unworth');
insert into article_comment (id, member_member_id, article_id, content, created_at, created_by, modified_at, modified_by) values (82, 2, 19, 'Duis consequat dui nec nisi volutpat eleifend. Donec ut dolor.', '2022-12-26 19:53:57', 'Connew', '2022-10-06 10:32:52', 'Dunrige');
insert into article_comment (id, member_member_id, article_id, content, created_at, created_by, modified_at, modified_by) values (83, 2, 97, 'Sed accumsan felis. Ut at dolor quis odio consequat varius.', '2023-02-11 17:52:09', 'O''Connolly', '2022-08-21 01:14:40', 'Furneaux');
insert into article_comment (id, member_member_id, article_id, content, created_at, created_by, modified_at, modified_by) values (84, 1, 42, 'Proin at turpis a pede posuere nonummy.', '2022-08-10 01:40:19', 'Kaasmann', '2022-11-10 08:39:13', 'Heavy');
insert into article_comment (id, member_member_id, article_id, content, created_at, created_by, modified_at, modified_by) values (85, 1, 75, 'In sagittis dui vel nisl. Duis ac nibh.', '2022-08-01 07:01:39', 'Wetter', '2023-01-28 11:55:49', 'Buddock');
insert into article_comment (id, member_member_id, article_id, content, created_at, created_by, modified_at, modified_by) values (86, 1, 82, 'Aenean fermentum.', '2022-10-10 10:57:23', 'Yurchenko', '2022-08-12 19:31:50', 'Kiebes');
insert into article_comment (id, member_member_id, article_id, content, created_at, created_by, modified_at, modified_by) values (87, 2, 97, 'Vivamus vestibulum sagittis sapien.', '2022-11-17 09:40:49', 'Leathley', '2022-06-09 23:13:57', 'Devonside');
insert into article_comment (id, member_member_id, article_id, content, created_at, created_by, modified_at, modified_by) values (88, 1, 23, 'Pellentesque eget nunc.', '2022-07-21 16:45:00', 'Wright', '2022-06-25 21:45:54', 'Zettler');
insert into article_comment (id, member_member_id, article_id, content, created_at, created_by, modified_at, modified_by) values (89, 2, 37, 'Duis ac nibh.', '2023-01-31 08:42:50', 'Gellately', '2022-12-28 19:08:57', 'McCaughey');
insert into article_comment (id, member_member_id, article_id, content, created_at, created_by, modified_at, modified_by) values (90, 2, 72, 'Vivamus tortor. Duis mattis egestas metus.', '2023-02-27 04:59:01', 'Castella', '2022-10-30 17:43:53', 'Dakhno');
insert into article_comment (id, member_member_id, article_id, content, created_at, created_by, modified_at, modified_by) values (91, 2, 33, 'Quisque arcu libero, rutrum ac, lobortis vel, dapibus at, diam. Nam tristique tortor eu pede.', '2023-02-06 18:19:15', 'Aidler', '2023-03-15 19:42:15', 'McCullock');
insert into article_comment (id, member_member_id, article_id, content, created_at, created_by, modified_at, modified_by) values (92, 2, 9, 'Proin interdum mauris non ligula pellentesque ultrices.', '2022-05-10 15:26:17', 'Messenger', '2022-05-11 07:09:05', 'McCumskay');
insert into article_comment (id, member_member_id, article_id, content, created_at, created_by, modified_at, modified_by) values (93, 2, 70, 'Suspendisse potenti. Cras in purus eu magna vulputate luctus.', '2023-03-27 16:10:30', 'Turgoose', '2022-07-12 04:56:13', 'Deex');
insert into article_comment (id, member_member_id, article_id, content, created_at, created_by, modified_at, modified_by) values (94, 1, 58, 'Mauris sit amet eros.', '2023-03-20 16:15:47', 'Grieveson', '2023-02-13 12:35:53', 'Trematick');
insert into article_comment (id, member_member_id, article_id, content, created_at, created_by, modified_at, modified_by) values (95, 1, 24, 'Integer aliquet, massa id lobortis convallis, tortor risus dapibus augue, vel accumsan tellus nisi eu orci. Mauris lacinia sapien quis libero.', '2022-08-15 13:22:36', 'Hallard', '2023-03-20 18:54:31', 'Pithie');
insert into article_comment (id, member_member_id, article_id, content, created_at, created_by, modified_at, modified_by) values (96, 1, 42, 'Suspendisse potenti.', '2022-10-30 00:41:59', 'Middiff', '2023-03-13 13:28:58', 'Lidington');
insert into article_comment (id, member_member_id, article_id, content, created_at, created_by, modified_at, modified_by) values (97, 2, 32, 'Donec ut dolor. Morbi vel lectus in quam fringilla rhoncus.', '2022-09-13 01:10:08', 'Brane', '2022-12-31 06:17:10', 'Ferier');
insert into article_comment (id, member_member_id, article_id, content, created_at, created_by, modified_at, modified_by) values (98, 2, 90, 'In tempor, turpis nec euismod scelerisque, quam turpis adipiscing lorem, vitae mattis nibh ligula nec sem. Duis aliquam convallis nunc.', '2022-06-06 21:32:56', 'Blaske', '2022-10-27 23:39:18', 'Niemiec');
insert into article_comment (id, member_member_id, article_id, content, created_at, created_by, modified_at, modified_by) values (99, 2, 85, 'Sed ante. Vivamus tortor.', '2023-04-13 04:54:49', 'Pierrepont', '2023-03-04 02:15:16', 'Shawyers');
insert into article_comment (id, member_member_id, article_id, content, created_at, created_by, modified_at, modified_by) values (100, 2, 93, 'Vivamus vestibulum sagittis sapien. Cum sociis natoque penatibus et magnis dis parturient montes, nascetur ridiculus mus.', '2023-03-15 12:27:18', 'Chessun', '2022-12-17 10:37:12', 'Skingle');